MJ Item Id,MJ Item,Vendor,Cost,Price,UofM,Quantity,Category,Description,Bin #,Reference,Barcode,RFID,Web,Web Price
362614,Blue Dream 1.0g Sample 0078,Arkannabis Farms LLC,$0.01 ,$0.01 ,g,1,Cannabis,1.0g sample,,,,1A400031266F0DE000000078,Yes,Current
362612,Blue Nina 1.0g Sample 0085,Arkannabis Farms LLC,$0.01 ,$0.01 ,g,1,Cannabis,1.0g sample,,,,1A400031266F0DE000000085,Yes,Current
362611,Gorilla Glue 1.0g Sample 0066,Arkannabis Farms LLC,$0.01 ,$0.01 ,g,1,Cannabis,1.0g sample,,,,1A400031266F0DE000000066,Yes,Current
362615,Guptilla 1.0g Sample 0101,Arkannabis Farms LLC,$0.01 ,$0.01 ,g,1,Cannabis,sample bud,,,,1A400031266F0DE000000101,Yes,Current
362616,Iron Triangle OG 1.0g Sample 0056,Arkannabis Farms LLC,$0.01 ,$0.01 ,g,1,Cannabis,1.0g sample,,,,1A400031266F0DE000000056,Yes,Current
362613,Loud Scout 1.0g Sample 0103,Arkannabis Farms LLC,$0.01 ,$0.01 ,g,1,Cannabis,1.0g sample,,,,1A400031266F0DE000000103,Yes,Current
363617,Alpine Glacier 100mg 25307,Blue Kudu,$9.50 ,$19.99 ,ea.,10,Infused Edible,100mg chocolate,,,'9925307,1A4000312687499000025307,Yes,Current
363618,Blu Kudu Samples 25279,Blue Kudu,$0.01 ,$0.01 ,ea.,4,Infused Edible,100mg samples,,,,1A4000312687499000025279,Yes,Current
352663,Canyon Lands 100mg 19231,Blue Kudu,$0.01 ,$19.99 ,ea.,12,Infused Edible,100mg chocolates,,,'9919231,1A4000312687499000019231,Yes,Current
362292,Isle of Capri 100mg 24604,Blue Kudu,$9.50 ,$19.99 ,ea.,19,Infused Edible,100mg chocolate,,,'9924604,1A4000312687499000024604,Yes,Current
363616,Zen Garden 100mg 25306,Blue Kudu,$9.50 ,$19.99 ,ea.,10,Infused Edible,100mg chocolate,,,'9925306,1A4000312687499000025306,Yes,Current
332541,SS Silverback 10982,Bolder Cannabis,$18.00 ,$40.00 ,g,...,Infused Non Edible,Bolder wax,,,,1A40003126874A6000010982,Yes,Current
348806,Bruce Banner shatter 1.0g 16799,Bolder Extracts,$18.00 ,$35.99 ,g,5,Infused Non Edible,1.0 indica shatter,,,A616799,1A40003126874A60000016799,Yes,Current
354133,Distortion wax 1.0g 18153,Bolder Extracts,$10.00 ,$31.99 ,g,2,Infused Non Edible,1.0g wax,,,A618153,1A40003126874A6000018153,Yes,Current
354141,Fridaze wax 1.0g 18155,Bolder Extracts,$10.00 ,$31.99 ,g,2,Infused Non Edible,1.0g wax,,,A618155,1A40003126874A6000018155,Yes,Current
342707,Green C 0.5g LR 14975,Bolder Extracts,$12.00 ,$0.00 ,g,0.5,Infused Non Edible,0.5g live resin,,,,1A40003126874A6000014975,Yes,Current
362658,Asst. Fruity Pucks 100mg 78803,CannaPunch,$10.00 ,$19.99 ,ea.,10,Infused Edible,100mg gummies,,,'9178803,1A4000312687491000078803,Yes,Current
362656,Black Cherry 100mg 78801,CannaPunch,$11.75 ,$21.99 ,ea.,6,Infused Edible,100mg drink,,,'9178801,1A4000312687491000078801,Yes,Current
359663,Blue Raz 100mg 72925,CannaPunch,$11.75 ,$21.99 ,ea.,3,Infused Edible,100mg drink,,,'9172925,1A4000312687491000072925,Yes,Current
363405,Blue Raz 100mg 80344,CannaPunch,$11.75 ,$21.99 ,ea.,12,Infused Edible,100mg drink,,,'9180344,1A4000312687491000080344,Yes,Current
336219,Blue Razz 100mg 29325,CannaPunch,$11.75 ,$21.99 ,ea.,...,Infused Edible,100mg drink,,,'9129325,1A4000312687491000029325,Yes,Current
337223,CBD Peach Pucks 32242,CannaPunch,$17.50 ,$34.99 ,ea.,...,Infused Edible,CBD Peach Gummie,,,'9132242,1A4000312687491000032242,Yes,Current
361356,CBD Peach Pucks 76178,CannaPunch,$17.50 ,$35.00 ,ea.,3,Infused Edible,cbd gummies,,,'9176178,1A4000312687491000076178,Yes,Current
337224,CBD Watermelon Pucks 32243,CannaPunch,$17.50 ,$34.99 ,ea.,...,Infused Edible,CBD Gummies,,,,1A4000312687491000032243,Yes,Current
361357,CBD Watermelon Pucks 76179,CannaPunch,$17.50 ,$35.99 ,ea.,4,Infused Edible,CBD gummies,,,'9176179,1A4000312687491000076179,Yes,Current
363409,Cherry Pucks 100mg 80346,CannaPunch,$10.00 ,$19.99 ,ea.,12,Infused Edible,100mg gummie,,,'9180346,1A4000312687491000080346,Yes,Current
336220,Golden Strawberry 29329,CannaPunch,$10.00 ,$19.99 ,ea.,...,Infused Edible,Golden Strawberry Pucks 100mg,,,,1A4000312687491000029329,Yes,Current
362657,Golden Strawberry Pucks 100mg 78802,CannaPunch,$10.00 ,$19.99 ,ea.,7,Infused Edible,100mg gummies,,,'9178802,1A4000312687491000078802,Yes,Current
363403,Grand Daddy Grape 100mg 80343,CannaPunch,$11.75 ,$21.99 ,ea.,12,Infused Edible,100mg drink,,,'9180343,1A4000312687491000080343,Yes,Current
361355,Peach Pucks 100mg 76177,CannaPunch,$10.00 ,$19.99 ,ea.,5,Infused Edible,100mg gummies,,,'9176177,1A4000312687491000076177,Yes,Current
359640,Pine Mango 100mg 72921,CannaPunch,$11.75 ,$21.99 ,ea.,1,Infused Edible,100mg drinks,,,'9172921,1A4000312687491000072921,Yes,Current
363400,Pine mango 100mg 80341,CannaPunch,$11.75 ,$21.99 ,ea.,12,Infused Edible,100mg drink,,,'9180341,1A4000312687491000080341,Yes,Current
362659,Sour Berry Cherry 100mg 78804,CannaPunch,$17.50 ,$35.99 ,ea.,2,Infused Edible,100mg gummies,,,'9178804,1A4000312687491000078804,Yes,Current
362660,Stroopwaffles 100mg 78805,CannaPunch,$10.00 ,$19.99 ,ea.,20,Infused Edible,100mg cookies,,,'9178805,1A4000312687491000078805,Yes,Current
362655,Watermelon Nectar 100mg 78800,CannaPunch,$11.75 ,$21.99 ,ea.,10,Infused Edible,100mg drink,,,'9178800,1A4000312687491000078800,Yes,Current
363402,Watermelon Nectar 100mg 80342,CannaPunch,$11.75 ,$21.99 ,ea.,12,Infused Edible,100mg drink,,,'9180342,1A4000312687491000080342,Yes,Current
363407,Watermelon Pucks 100mg 80345,CannaPunch,$10.00 ,$19.99 ,ea.,12,Infused Edible,100mg gummie,,,'9180345,1A4000312687491000080345,Yes,Current
357234,Boysenberry 100mg 47895,Canyon Cultivation,$9.75 ,$19.99 ,ea.,9,Infused Edible,100mg candy,,,AA47895,1A40003126874AA000047895,Yes,Current
357224,Sour Watermelon 100mg 47897,Canyon Cultivation,$9.75 ,$19.99 ,ea.,8,Infused Edible,100mg candy,,,AA47897,1A40003126874AA000047897,Yes,Current
357230,Strawberry 100mg 47893,Canyon Cultivation,$9.75 ,$19.99 ,ea.,13,Infused Edible,100mg candy,,,AA47893,1A40003126874AA000047893,Yes,Current
350825,CBD 40mg Patch 7844,CC Brands,$15.00 ,$29.99 ,ea.,...,Infused Non Edible,CBD patch,,,4F7844,1A400031268754F000007844,Yes,Current
349956,Cheeba Chew CBD 80mg 23422,CC Brands,$24.00 ,$47.99 ,ea.,24,Infused Edible,80mg CBD Cheeba Chew,,,AF23422,1A40003126874AF000023422,Yes,Current
363125,Cheeba Chew Hybrid 80mg 36062,CC Brands,$10.00 ,$19.99 ,ea.,25,Infused Edible,hybrid chew,,,AF36062,1A40003126874AF000036062,Yes,Current
363126,Cheeba Chew Indica 80mg 36063,CC Brands,$10.00 ,$19.99 ,ea.,23,Infused Edible,80mg edible,,,AF36063,1A40003126874AF000036063,Yes,Current
363127,Cheeba Chew Taffy 100mg Indica 36064,CC Brands,$11.00 ,$21.99 ,ea.,19,Infused Edible,100mg cheeba chew taffy,,,AF36064,1A40003126874AF000036064,Yes,Current
363128,Cheeba Chew Taffy 100mg Sativa 36065,CC Brands,$11.00 ,$21.99 ,ea.,17,Infused Edible,100mg cheeba chew,,,AF36065,1A40003126874AF000036065,Yes,Current
358574,Dabba Sativa 100mg 31003,CC Brands,$11.00 ,$21.99 ,ea.,9,Infused Edible,100mg chocolate,,,AF31003,1A40003126874AF000031003,Yes,Current
360966,Green Hornet Indica 100mg 33715,CC Brands,$11.00 ,$21.99 ,ea.,4,Infused Edible,100mg gummie,,,AF33715,1A40003126874AF000033715,Yes,Current
360967,Green Hornet Sativa 100mg 33716,CC Brands,$11.00 ,$21.99 ,ea.,4,Infused Edible,100mg gummie,,,AF33716,1A40003126874AF000033716,Yes,Current
360963,Hybrid Cheeba Chew 80mg 33712,CC Brands,$10.00 ,$19.99 ,ea.,21,Infused Edible,hybrid chew,,,AF33712,1A40003126874AF000033712,Yes,Current
360965,Sativa Cheeba Chew 80mg 33714,CC Brands,$10.00 ,$19.99 ,ea.,25,Infused Edible,sativa chew,,,AF33714,1A40003126874AF000033714,Yes,Current
350822,THC:CBD patch 7843,CC Brands,$10.00 ,$19.99 ,ea.,...,Infused Non Edible,1:1 patches,,,4F7843,1A400031268754F000007843,Yes,Current
361720,NanoSerum 10ml 0647,CCBA,$30.00 ,$59.99 ,ea.,22,Infused Non Edible,topical serum,,,'890647,1A4000312687589000000647,Yes,Current
362325,Blue Bird Terp Jelly 1.0g 19527,Colorado Product Services LLC,$17.00 ,$49.99 ,g,14,Infused Non Edible,1.0g terp jelly,,,F819527,1A40003126874F8000019527,Yes,Current
350061,Cali-O Wax 1.0g 11040,Colorado Product Services LLC,$11.54 ,$24.99 ,g,1,Infused Non Edible,1.0g hybrid wax,,,F811040,1A40003126874F8000011040,Yes,Current
362831,Jabberwocky 3.55g 7354,Colorado Product Services LLC,$0.01 ,$0.01 ,g,3.5,Cannabis,sample bud,,,,1A400031266EF55000007354,Yes,Current
362832,Pipe Dreams 3.55g 6614,Colorado Product Services LLC,$0.01 ,$0.01 ,g,3.5,Cannabis,sample bud,,,,1A400031266EF55000006614,Yes,Current
362834,Purp Rockstar 3.5g 7372,Colorado Product Services LLC,$0.01 ,$0.01 ,g,3.5,Cannabis,sample,,,,1A400031266EF55000007372,Yes,Current
352680,Sugar Cookies Kush Sample 1.0g 12181,Colorado Product Services LLC,$0.01 ,$0.01 ,g,1,Infused Non Edible,1.0g sample,,,,1A40003126874F8000012181,Yes,Current
362324,Summit Terp Jelly 1.0g 19526,Colorado Product Services LLC,$17.00 ,$49.99 ,g,25,Infused Non Edible,1.0g terp jelly,,,F819526,1A40003126874F8000019526,Yes,Current
363322,Bio-Chem 18599,Cooper Mason Ventures,$3.55 ,$13.99 ,g,443.75,Cannabis,Indica,,,,1A400031266EEF2000018599,Yes,Current
361059,Bio-Chem 18796,Cooper Mason Ventures,$3.10 ,$39.99 ,g,5,Cannabis,Indica,,,,1A400031266EEF2000018598,Yes,Current
361398,Bio-Chem 18797,Cooper Mason Ventures,$3.10 ,$13.99 ,g,384.8,Cannabis,Indica,,,,1A400031266EEF2000018797,Yes,Current
358729,Blueberry 18405,Cooper Mason Ventures,$3.10 ,$13.99 ,g,138.2,Cannabis,Indica,,,,1A400031266EEF2000018405,Yes,Current
361929,Half and Half 100mg 74235,Dixie,$10.00 ,$19.99 ,ea.,12,Infused Edible,100mg drink,,,8A74235,1A400031268748A000074235,Yes,Current
361930,Relief Lotion 100mg 74236,Dixie,$10.00 ,$19.99 ,ea.,16,Infused Non Edible,100mg topical,,,8A74236,1A400031268748A000074236,Yes,Current
361030,Root Beer 100mg 72967,Dixie,$10.00 ,$19.99 ,ea.,2,Infused Edible,100mg drink,,,,1A400031268748A000072967,Yes,Current
361931,Root Beer 100mg 75237,Dixie,$10.00 ,$19.99 ,ea.,7,Infused Edible,100mg drink,,,8A74237,1A400031268748A000074237,Yes,Current
352731,Synergy CBD Balm 59873,Dixie,$11.50 ,$26.99 ,ea.,25,Infused Non Edible,THC CBD Balm,,,8A59873,1A400031268748A000059873,Yes,Current
352732,Synergy CBD Balm 59874,Dixie,$11.50 ,$26.99 ,ea.,22,Infused Edible,CBD THC Balm,,,8A59874,1A400031268748A000059874,Yes,Current
350533,Synergy Cinn Dew Drops CBD 56209,Dixie,$18.00 ,$35.99 ,ea.,1,Infused Edible,50cbd 50thc tincture,,,8A562209,1A400031268748A000056209,Yes,Current
340476,Synergy Vanilla 100mg 44177,Dixie,$18.00 ,$35.99 ,ea.,2,Infused Edible,50mg THC/50mg CBD tincture,,,8A44177,1A400031268748A000044177,Yes,Current
349963,Synergy Vanilla CBD 54696,Dixie,$18.00 ,$35.99 ,ea.,12,Infused Edible,CBD tincture,,,8A54696,1A400031268748A000054696,Yes,Current
340475,Synergy watermelon 100mg 44176,Dixie,$18.00 ,$35.99 ,ea.,1,Infused Edible,100mg CBD tincture,,,8A44176,1A400031268748A000044176,Yes,Current
349962,Synergy Watermelon CBD 54695,Dixie,$18.00 ,$35.99 ,ea.,11,Infused Edible,CBD tincture,,,8A54695,1A400031268748A000054695,Yes,Current
339754,100mg Star Barz 5281,dr js,$9.50 ,$18.99 ,ea.,10,Infused Edible,100mg edible,,,8E5281,1A400031268748E000005281,Yes,Current
340096,100mg Star Barz 5292,dr js,$9.50 ,$18.99 ,ea.,4,Infused Edible,100mg chocolate bar,,,E05292,1A400031268748E000005292,Yes,Current
349049,AM Health Caps 80mg 0736,dr js,$9.00 ,$17.99 ,ea.,1,Infused Edible,sativa edible pill,,,C50736,1A40003126874C5000000736,Yes,Current
353122,AM Health Caps 80mg 1116,dr js,$9.00 ,$18.99 ,ea.,4,Infused Edible,80 mg sativa health cap,,,C51116,1A40003126874C5000001116,Yes,Current
343545,Cocoa Crispy 100mg 5934,dr js,$9.50 ,$18.99 ,ea.,10,Infused Edible,100mg chocolate edible,,,8E5934,1A400031268748E000005934,Yes,Current
349057,Coffee Toffee 100mg 0733,dr js,$9.50 ,$18.99 ,ea.,2,Infused Edible,100mg chocolate,,,C50733,1A40003126874C5000000733,Yes,Current
343543,Coffee Toffee 100mg 5932,dr js,$9.50 ,$18.99 ,ea.,8,Infused Edible,100mg chocolate,,,8E5932,1A400031268748E000005932,Yes,Current
343544,Dark Chocolate 100mg 5933,dr js,$9.50 ,$18.99 ,ea.,4,Infused Edible,100mg chocolate bar,,,8E5933,1A400031268748E000005933,Yes,Current
349047,Dark Coconut 100mg 0735,dr js,$9.50 ,$18.99 ,ea.,1,Infused Edible,100mg chocolate,,,C50735,1A40003126874C5000000735,Yes,Current
345308,Straw Champagne 100mg 0357,dr js,$9.50 ,$18.99 ,ea.,7,Infused Edible,100mg strawberry champagne chocolate,,,C50357,1A40003126874C5000000357,Yes,Current
343546,Strawberry Champagne 100mg 5911,dr js,$9.50 ,$18.99 ,ea.,6,Infused Edible,100mg chocolate,,,8E5911,1A400031268748E000005911,Yes,Current
360425,Banana Kush Wax 1.0g 13253,Happy Camper,$16.00 ,$31.99 ,g,6,Infused Non Edible,1.0g wax,,,CA13253,1A40003126874CA000013253,Yes,Current
360460,BB Diesel Shatter 1.0g 13262,Happy Camper,$16.00 ,$31.99 ,g,1,Infused Non Edible,1.0g shatter,,,CA13262,1A40003126874CA000013262,Yes,Current
362973,Cheesel Shatter 1.0g 14074,Happy Camper,$16.00 ,$31.99 ,g,13,Infused Non Edible,1.0g shatter,,,CA14074,1A40003126874CA000014074,Yes,Current
362965,Chem 9600 Shatter 1.0g 14069,Happy Camper,$16.00 ,$31.99 ,g,12,Infused Non Edible,1.0g shatter,,,CA14069,1A40003126874CA000014069,Yes,Current
362969,Cherry Diesel 1.0g Shatter 14071,Happy Camper,$16.00 ,$31.99 ,g,8,Infused Non Edible,1.0g shatter,,,CA14071,1A40003126874CA000014071,Yes,Current
360424,Ghost OG Wax 1.0g 13252,Happy Camper,$16.00 ,$31.99 ,g,3,Infused Non Edible,1.0g wax,,,CA13252,1A40003126874CA000013252,Yes,Current
362971,Gorilla Glue Shatter 1.0g 14072,Happy Camper,$16.00 ,$31.99 ,g,9,Infused Non Edible,1.0g shatter,,,CA14072,1A40003126874CA000014072,Yes,Current
360421,Green Poison Wax 1.0g 13249,Happy Camper,$16.00 ,$31.99 ,g,7,Infused Non Edible,1.0g wax,,,CA13249,1A40003126874CA000013249,Yes,Current
359423,Junco Partner Wax 1.0g 12854,Happy Camper,$16.00 ,$31.99 ,g,5,Infused Non Edible,1.0g wax,,,CA12854,1A40003126874CA000012854,Yes,Current
361782,Pineapple Express Shatter 1.0g 13706,Happy Camper,$16.00 ,$31.99 ,g,1,Infused Non Edible,1.0g shatter,,,CA13706,1A40003126874CA000013706,Yes,Current
360422,Pineapple Express Wax 1.0g 13250,Happy Camper,$16.00 ,$31.99 ,g,1,Infused Non Edible,1.0g wax,,,CA13250,1A40003126874CA000013250,Yes,Current
362974,Skywalker Shatter 1.0g 14075,Happy Camper,$16.00 ,$31.99 ,g,1,Infused Non Edible,1.0g shatter,,,CA14075,1A40003126874CA000014075,Yes,Current
358680,Lucky Charms 1543,Herbal Elements,$3.10 ,$13.99 ,g,0,Cannabis,Hybrid,,,,1A400031266EFBA000001543,Yes,Current
356117,NYCD Sugar Wax 1.0g 3652,HWMF LLC,$0.00 ,$24.99 ,g,5,Infused Non Edible,1.0g sativa wax,,,'233652,1A4000312687523000003652,Yes,Current
358873,Affogato Bar 100mg 57480,Incredible,$9.50 ,$18.99 ,ea.,1,Infused Edible,100mg chocolate,,,8C57480,1A400031268748C000057480,Yes,Current
361021,Affogatto 100mg 62011,Incredible,$9.50 ,$18.99 ,ea.,2,Infused Edible,100mg chocolate,,,8C62011,1A400031268748C000062011,Yes,Current
362724,Black cherry CBD 100mg 64454,Incredible,$16.00 ,$31.99 ,ea.,19,Infused Edible,100mg THC and 100mg CBD chocolate,,,8C64454,1A400031268748C000064454,Yes,Current
358868,Boulder Bar 100mg 57478,Incredible,$9.50 ,$18.99 ,ea.,1,Infused Edible,100mg chocolate bar,,,8C57478,1A400031268748C000057478,Yes,Current
362723,Boulder Bar 100mg 64453,Incredible,$9.50 ,$18.99 ,ea.,16,Infused Edible,100mg chocolate bar,,,8C64453,1A400031268748C000064453,Yes,Current
346162,FLO 1.0g 35688,Incredible,$0.10 ,$0.10 ,g,...,Infused Non Edible,sample,,,,1A400031268748C000035688,Yes,Current
357119,Mile High Mint 100mg 54871,Incredible,$9.50 ,$18.99 ,ea.,7,Infused Edible,100mg chocolate,,,C054871,1A400031268748C000054871,Yes,Current
358871,Monkey Bar 100mg 57479,Incredible,$9.50 ,$18.99 ,ea.,3,Infused Edible,100mg chocolate,,,8C57479,1A400031268748C000057479,Yes,Current
361019,Monkey Bar 100mg 62010,Incredible,$9.50 ,$18.99 ,ea.,20,Infused Edible,100mg chocolate bar,,,8C62010,1A400031268748C000062010,Yes,Current
356268,Peanut Buddha 100mg 52587,Incredible,$9.50 ,$18.99 ,ea.,9,Infused Edible,100mg chocolate,,,8C52587,1A400031268748C000052587,Yes,Current
358874,Peanut Buddha 100mg 57481,Incredible,$9.50 ,$18.99 ,ea.,12,Infused Edible,100mg chocolate,,,8C57481,1A400031268748C000057481,Yes,Current
353644,Pistachio Mint 100mg 47902,Incredible,$9.50 ,$18.99 ,ea.,1,Infused Edible,100mg chocolate,,,8C47902,1A400031268748C000047902,Yes,Current
357120,Strawberry Crunch 100mg 54872,Incredible,$9.50 ,$18.99 ,ea.,4,Infused Edible,100mg chocolate,,,C054872,1A400031268748C000054872,Yes,Current
356324,Chemodo Dragon Seeds 2559,Iris Hollow Co,$54.00 ,$0.00 ,ea.,24,Seeds,6pk seeds,,,,1A400031266F03A000002559,Yes,Current
356325,Chupacabra Seeds 2560,Iris Hollow Co,$45.00 ,$0.00 ,ea.,6,Seeds,6pk seeds,,,,1A400031266F03A000002560,Yes,Current
361401,Clementine Kush 3109,Iris Hollow Co,$3.10 ,$13.99 ,g,200.9,Cannabis,Hybrid,,,,1A400031266F03A000003109,Yes,Current
356326,Clementine Kush Seeds 2561,Iris Hollow Co,$45.00 ,$0.00 ,ea.,18,Seeds,6pk seeds,,,,1A400031266F03A000002561,Yes,Current
363540,Ghostship 3292,Iris Hollow Co,$3.55 ,$12.99 ,g,200.2,Cannabis,Indica,,,,1A400031266F03A000003292,Yes,Current
363323,Hawaiian Sunrise 3293,Iris Hollow Co,$3.55 ,$13.99 ,g,390.5,Cannabis,Hybrid,,,,1A400031266F03A000003293,Yes,Current
356332,Hibiscus Sunrise Seeds 2564,Iris Hollow Co,$45.00 ,$0.00 ,ea.,18,Seeds,6pk seeds,,,,1A400031266F03A000002564,Yes,Current
356342,Iron Triangle OG Seeds #9 2566,Iris Hollow Co,$54.00 ,$0.00 ,ea.,30,Seeds,6pk seeds,,,,1A400031266F03A000002566,Yes,Current
356341,Iron Triangle OG Seeds 2565,Iris Hollow Co,$54.00 ,$108.00 ,ea.,24,Seeds,6pk seeds,,,,1A400031266F03A000002565,Yes,Current
356349,Night Nurse Seeds 2568,Iris Hollow Co,$54.00 ,$0.00 ,ea.,24,Seeds,6pk seeds,,,,1A400031266F03A000002568,Yes,Current
360215,Nina Limone 2756,Iris Hollow Co,$3.10 ,$12.99 ,g,306.7,Cannabis,Sativa,,,,1A400031266F03A000002756,Yes,Current
363004,Pachamama 3111,Iris Hollow Co,$3.55 ,$14.99 ,g,139.4,Cannabis,Hybrid,,,,1A400031266F03A000003111,Yes,Current
356350,Pachamama Seeds 2569,Iris Hollow Co,$45.00 ,$0.00 ,ea.,12,Seeds,6pk seeds,,,,1A400031266F03A000002569,Yes,Current
356352,Sunburn Seeds 2570,Iris Hollow Co,$36.00 ,$0.00 ,ea.,12,Seeds,6pk seeds,,,,1A400031266F03A000002570,Yes,Current
363324,Super Lemon Haze 3297,Iris Hollow Co,$3.55 ,$13.99 ,g,209.3,Cannabis,Sativa,,,,1A400031266F03A000003297,Yes,Current
363388,0.5g Syringe 4399,Karing Kind,$0.00 ,$28.99 ,ea.,14,Infused Non Edible,0.5g Syringe,,,,1A40003126874A8000004399,Yes,Current
356013,100mg Disposable 1287,Karing Kind,$0.00 ,$14.99 ,ea.,78,Infused Non Edible,100mg hybrid and indica disposable,,,'561287,1A4000312656756000001287,Yes,Current
348833,100mg disposable indica 4509,Karing Kind,$0.00 ,$19.99 ,ea.,4,Infused Non Edible,100mg indica dispo,,,A84509,1A40003126874A8000004509,Yes,Current
358981,250mg Cart 1573,Karing Kind,$0.00 ,$29.99 ,ea.,49,Infused Non Edible,250mg,,,A81573,1A40003126874A8000001573,Yes,Current
360349,500mg cart 3203,Karing Kind,$0.00 ,$45.99 ,ea.,5,Infused Non Edible,500mg carts,,,A83203,1A40003126874A8000003203,Yes,Current
266905,Accessories,Karing Kind,$0.00 ,$0.00 ,ea.,-10,Papers/Pipes,Pipes,,,'1111,,Yes,Current
350205,Alien Blood T 250mg 2577,Karing Kind,$0.00 ,$29.99 ,ea.,11,Infused Non Edible,250mg artisan,,,A82577,1A40003126874A8000002577,Yes,Current
362415,Aloha Skunk 500mg 6535,Karing Kind,$0.00 ,$45.99 ,ea.,1,Infused Non Edible,500mg sativa,,,A86535,1A43126874A8000006535,Yes,Current
362423,Aloha Skunk 500mg 6785,Karing Kind,$0.00 ,$45.99 ,ea.,47,Infused Non Edible,500mg sativa cart,,,A86785,1A40003126874A8000006785,Yes,Current
352658,Alpine Glacier 100mg 19230,Karing Kind,$9.50 ,$19.99 ,ea.,...,Infused Edible,100mg chocolate,,,'9919230,1A4000312687499000019230,Yes,Current
362509,Amber Waves 0.5g 7103,Karing Kind,$0.00 ,$0.00 ,g,21.5,Cannabis,0.5g pre roll,,,,1A400031266EEC8000007103,Yes,Current
361623,Amber Waves 1.0g 8601,Karing Kind,$0.00 ,$48.99 ,ea.,30,Infused Non Edible,1.0g hybrid,,,A88601,1A40003126874A8000008601,Yes,Current
353361,Amber Waves 5936,Karing Kind,$0.00 ,$12.99 ,g,40.65,Cannabis,Sativa,,,,1A400031266EEC8000005936,Yes,Current
354933,Amber Waves 6205,Karing Kind,$0.00 ,$11.99 ,g,350.35,Cannabis,buds,,,,1A400031266EEC8000006205,Yes,Current
361983,Amber Waves 6658,Karing Kind,$0.00 ,$124.99 ,g,227.2,Cannabis,Sativa,,,,1A400031266EEC8000006658,Yes,Current
361984,Amber Waves 6779,Karing Kind,$0.00 ,$124.99 ,g,227.2,Cannabis,Sativa,,,,1A400031266EEC8000006779,Yes,Current
362411,Apollo T 500mg 2213,Karing Kind,$0.00 ,$45.99 ,ea.,6,Infused Non Edible,500mg sativa,,,A82213,1A40003126874A8000002213,Yes,Current
331682,Bio Chem 3382,Karing Kind,$3.54 ,$11.99 ,g,...,Cannabis,Indica Dominant hybrid,,,,1A400031266EEF2000002849,Yes,Current
356631,Blue Chem 100mg Disposable 6381,Karing Kind,$0.00 ,$14.99 ,ea.,11,Infused Non Edible,100mg dispo,,,A86381,1A40003126874A8000006381,Yes,Current
362418,Blue Dream 100mg 8545,Karing Kind,$0.00 ,$14.99 ,ea.,80,Infused Non Edible,100mg dispo,,,A88545,1A43126874A8000008545,Yes,Current
362419,Blue Dream 250mg 8628,Karing Kind,$0.00 ,$26.99 ,ea.,40,Infused Non Edible,250mg sativa dispo,,,A88628,1A40003126874A8000008628,Yes,Current
362412,Blue Dream 500mg 8417,Karing Kind,$0.00 ,$45.99 ,ea.,3,Infused Non Edible,500mg sativa,,,A88417,1A43126874A8000008417,Yes,Current
352660,Blue Kudu Samples 100mg 19232,Karing Kind,$0.01 ,$0.01 ,ea.,...,Infused Edible,100mg chocolate,,,,1A4000312687499000019232,Yes,Current
362045,Blue Sky Kush 1.0g 8722,Karing Kind,$0.00 ,$48.99 ,ea.,14,Infused Non Edible,1.0g indica oil,,,A88722,1A40003126874A8000008722,Yes,Current
363433,Blue Sky Kush 1.0g 9067,Karing Kind,$0.00 ,$49.99 ,ea.,16,Infused Non Edible,1.0g indica,,,A89067,1A40003126874A8000009067,Yes,Current
362416,Blue Sun 500mg 6866,Karing Kind,$0.00 ,$45.99 ,ea.,3,Infused Non Edible,500mg cart sativa,,,A86866,1A43126874A8000006866,Yes,Current
358983,Bullet Train 250mg 3208,Karing Kind,$0.00 ,$29.99 ,ea.,1,Infused Non Edible,250mg cart,,,A83208,1A40003126874A8000003208,Yes,Current
350199,Bullet Train T 250mg 48 2847,Karing Kind,$0.00 ,$29.99 ,ea.,13,Infused Non Edible,250mg artisan,,,A82847,1A40003126874A8000002847,Yes,Current
350290,Button Battery 420,Karing Kind,$0.00 ,$16.00 ,ea.,78,non mj items,Button battery,,,Button,,Yes,Current
360067,Button Batts,Karing Kind,$0.00 ,$16.00 ,ea.,33,non mj items,battery,,,Button421,,Yes,Current
352659,Canyon Lands 100mg 19231,Karing Kind,$0.01 ,$19.99 ,ea.,...,Infused Non Edible,100mg chocolate,,,,1A4000312687499000019231,Yes,Current
359833,CBD 10:1 0.5g 8155,Karing Kind,$0.00 ,$28.99 ,ea.,24,Infused Non Edible,CBD oil,,,A88155,1A40003126874A8000008155,Yes,Current
359832,CBD 10:1 1.0g 8142,Karing Kind,$0.00 ,$48.99 ,ea.,14,Infused Non Edible,CBD oil,,,A88142,1A40003126874A8000008142,Yes,Current
358977,CBD 250mg 2:1 Disposable 6988,Karing Kind,$0.00 ,$29.99 ,ea.,13,Infused Non Edible,250mg cbd dispio,,,A86988,1A40003126874A8000006988,Yes,Current
358494,CBD 2:1 0.5g 7029,Karing Kind,$0.00 ,$28.99 ,ea.,15,Infused Non Edible,CBD Hash Oil,,,A87029,1A40003126874A8000007029,Yes,Current
358493,CBD 2:1 1.0g 7028,Karing Kind,$0.00 ,$48.99 ,ea.,33,Infused Non Edible,CBD Hash Oil,,,A87028,1A40003126874A8000007028,Yes,Current
358721,CBD 2:1 250mg 4576,Karing Kind,$0.00 ,$34.99 ,ea.,15,Infused Non Edible,250mg CBD 2:1,,,A84576,1A40003126874A8000004576,Yes,Current
358976,CBD 2:1 250mg 5838,Karing Kind,$0.00 ,$55.99 ,ea.,7,Infused Non Edible,250mg CBD cart,,,A85838,1A40003126874A8000005838,Yes,Current
348314,CBD 2:1 3290,Karing Kind,$0.00 ,$34.99 ,ea.,7,Infused Non Edible,2:1 CBD 250mg hybrid,,,A83290,1A40003126874A8000003290,Yes,Current
362976,CBD 2:1 Disposable 8244,Karing Kind,$0.00 ,$29.99 ,ea.,86,Infused Non Edible,250mg disposable,,,A88244,1A40003126874A8000008244,Yes,Current
345669,CBD Indica 0.56 5685,Karing Kind,$0.00 ,$0.00 ,g,116.36,Cannabis,0.56g cbd indica pre roll,,,,1A400031266EEC8000005685,Yes,Current
363380,CBD Sativa 0.5g 5684,Karing Kind,$0.00 ,$6.99 ,g,125,Cannabis,0.5g cbd joint,,,,1A400031266EEC8000005684,Yes,Current
343394,CBD Sativa 5461,Karing Kind,$0.00 ,$0.00 ,g,85.26,Cannabis,0.56g Sativa CBD pre roll,,,,1A400031266EEC8000005461,Yes,Current
360892,Cheese Quake 20318,Karing Kind,$3.10 ,$39.99 ,g,...,Cannabis,Hybrid,,,,1A400031266EEF2000020318,Yes,Current
360890,Chem Dawg #4 20331,Karing Kind,$3.10 ,$14.99 ,g,...,Cannabis,Indica,,,,1A400031266EEF2000020331,Yes,Current
362526,Chem Dawg 0.5g 7124,Karing Kind,$0.00 ,$0.00 ,g,58.5,Cannabis,0.5g pre rolled joint,,,,1A400031266EEC8000007124,Yes,Current
362241,Chem Dawg 6898,Karing Kind,$0.00 ,$12.99 ,g,0,Cannabis,Sativa,,,,1A400031266EEC8000006898,Yes,Current
363549,Chem Dawg 7147,Karing Kind,$0.00 ,$12.99 ,g,479.25,Cannabis,Sativa,,,,1A400031266EEC8000007147,Yes,Current
363427,Chemodo x Flo 0.5g 9085,Karing Kind,$0.00 ,$29.99 ,ea.,20,Infused Non Edible,0.5g hybrid,,,A89085,1A40003126874A8000009085,Yes,Current
363425,Chemodo x Flo 1.0g 9086,Karing Kind,$0.00 ,$49.99 ,ea.,19,Infused Non Edible,1.0g hybrid,,,A89086,1A40003126874A8000009086,Yes,Current
360825,Cherry Lime Haze 1.0g 8521,Karing Kind,$0.00 ,$48.99 ,ea.,0,Infused Non Edible,1.0g sativa,,,A88521,1A40003126874A8000008521,Yes,Current
362637,Cindy Nina 0.5g 8736,Karing Kind,$0.00 ,$28.99 ,ea.,28,Infused Non Edible,0.5g sativa,,,A88736,1A40003126874A8000008736,Yes,Current
362642,Cindy Nina 1.0g 8720,Karing Kind,$0.00 ,$48.99 ,ea.,17,Infused Non Edible,1.0g sativa oil,,,A88720,1A40003126874A8000008720,Yes,Current
355059,Clementine 0.5g 5413,Karing Kind,$0.00 ,$29.99 ,ea.,3,Infused Non Edible,0.5g hash oil,,,A85413,1A40003126874A8000005413,Yes,Current
361621,CLH 1.0g 8520,Karing Kind,$0.00 ,$48.99 ,ea.,15,Infused Non Edible,1.0g sativa,,,A88520,1A40003126874A8000008520,Yes,Current
362410,CLH 500mg 8546,Karing Kind,$0.00 ,$45.99 ,ea.,6,Infused Non Edible,500mg sativa,,,A88546,1A40003126874A8000008546,Yes,Current
350202,Critical Mass T 250mg 2582,Karing Kind,$0.00 ,$29.99 ,ea.,25,Infused Non Edible,250mg artisan,,,A82582,1A40003126874A8000002582,Yes,Current
363495,Custom Wick 9087,Karing Kind,$0.00 ,$0.01 ,ea.,0,Infused Non Edible,samples,,,,1A40003126874A8000009087,Yes,Current
362142,Dankness 250mg 8367,Karing Kind,$0.00 ,$29.99 ,ea.,50,Infused Non Edible,250mg cart indica,,,A88367,1A40003126874A8000008367,Yes,Current
358686,Dankness 500mg 6872,Karing Kind,$0.00 ,$45.99 ,ea.,2,Infused Non Edible,500mg indica,,,A86872,1A40003126874A8000006872,Yes,Current
361507,Dankness 500mg 6874,Karing Kind,$0.00 ,$55.99 ,ea.,48,Infused Non Edible,500mg cart,,,A86874,1A40003126874A8000006874,Yes,Current
361506,Dankness 500mg 6999,Karing Kind,$0.00 ,$45.99 ,ea.,8,Infused Non Edible,500mg cart,,,A86999,1A40003126874A8000006999,Yes,Current
362143,Dankness 500mg 7005,Karing Kind,$0.00 ,$45.99 ,ea.,10,Infused Non Edible,500mg cart indica,,,A87005,1A40003126874A8000007005,Yes,Current
362244,Dark Scout 7090,Karing Kind,$0.00 ,$12.99 ,g,183.55,Cannabis,Indica,,,,1A400031266EEC8000007090,Yes,Current
358996,Davinci Vaporizer,Karing Kind,$0.00 ,$250.00 ,ea.,7,non mj items,vaporizer,,,Davinci,,Yes,Current
363327,Day Maker 7010,Karing Kind,$0.00 ,$12.99 ,g,504.1,Cannabis,sativa,,,,1A400031266EEC8000007010,Yes,Current
362997,Day Maker 7017,Karing Kind,$0.00 ,$13.99 ,g,133.55,Cannabis,Sativa,,,,1A400031266EEC8000007017,Yes,Current
358986,Deathstar 250mg 2381,Karing Kind,$0.00 ,$29.99 ,ea.,9,Infused Non Edible,250mg cart,,,A82381,1A40003126874A8000002381,Yes,Current
362243,Deathstar 7089,Karing Kind,$0.00 ,$13.99 ,g,0,Cannabis,Indica,,,,1A400031266EEC8000007089,Yes,Current
362417,Durban Poison 500mg 8447,Karing Kind,$0.00 ,$45.99 ,ea.,18,Infused Non Edible,500mg sativa,,,A88447,1A43126874A8000008447,Yes,Current
363553,Durban Poison 7145,Karing Kind,$0.00 ,$13.99 ,g,620.9,Cannabis,Sativa,,,,1A400031266EEC8000007145,Yes,Current
344302,FLO 0.5g 5372,Karing Kind,$0.00 ,$0.00 ,g,2.9,Infused Edible,0.5g ppre rolled joint,,,,1A400031266EEC8000005372,Yes,Current
358708,FLO 100mg 6889,Karing Kind,$0.00 ,$14.99 ,ea.,70,Infused Non Edible,hybrid dipsosable,,,A86889,1A40003126874A8000006889,Yes,Current
360893,FLO 18540,Karing Kind,$3.10 ,$39.99 ,g,...,Cannabis,Hybrid,,,,1A400031266EEF2000018540,Yes,Current
360894,FLO 18541,Karing Kind,$3.10 ,$39.99 ,g,...,Cannabis,Hybrid,,,,1A400031266EEf2000018541,Yes,Current
362650,Fruity Chem OG 0.5g 8962,Karing Kind,$0.00 ,$28.99 ,ea.,31,Infused Non Edible,0.5g hybrid oil,,,A88962,1A40003126874A8000008962,Yes,Current
362999,GDP 7093,Karing Kind,$0.00 ,$11.99 ,g,442,Cannabis,Indica,,,,1A400031266EEC8000007093,Yes,Current
348282,GDPxGSC 250mg 3437,Karing Kind,$0.00 ,$35.99 ,ea.,45,Infused Non Edible,250mg indica,,,A83437,1A40003126874A8000003437,Yes,Current
359090,Golden Triangle 0.5g 6151,Karing Kind,$0.00 ,$29.99 ,ea.,1,Infused Non Edible,0.5g sativa oil,,,A86151,1A40003126874A8000006151,Yes,Current
363428,Golden Triangle 0.5g 9084,Karing Kind,$0.00 ,$29.99 ,ea.,20,Infused Non Edible,0.5g sativa,,,A89084,1A40003126874A8000009084,Yes,Current
363430,Golden Triangle 1.0g 9042,Karing Kind,$0.00 ,$49.99 ,ea.,21,Infused Non Edible,1.0g sativa,,,A89042,1A40003126874A8000009042,Yes,Current
360217,Gorilla Glue 6843,Karing Kind,$0.00 ,$11.99 ,g,24.55,Cannabis,Indica,,,,1A400031266EEC8000006843,Yes,Current
361985,Gorilla Glue 7009,Karing Kind,$0.00 ,$11.99 ,g,182,Cannabis,Hybrid,,,,1A400031266EEC8000007009,Yes,Current
357751,Gorilla Kush 0.5g 6804,Karing Kind,$0.00 ,$29.99 ,ea.,1,Infused Non Edible,0.5g Co2 hash oil,,,A86804,1A40003126874A8000006804,Yes,Current
362040,Gorilla Kush 500mg 6806,Karing Kind,$0.00 ,$45.99 ,ea.,10,Infused Non Edible,500mg indica cart,,,A86806,1A40003126874A8000006806,Yes,Current
363340,Grape Ape 0.5g 7143,Karing Kind,$0.00 ,$0.00 ,g,22.5,Cannabis,0.5g indica,,,,1A400031266EEC8000007143,Yes,Current
362998,Grape Ape 6958,Karing Kind,$0.00 ,$13.99 ,g,166.85,Cannabis,Indica,,,,1A400031266EEC8000006958,Yes,Current
332891,Green Crack 3569,Karing Kind,$0.00 ,$0.00 ,g,...,Cannabis,Sativa,,,'000000,1A400031266EEC8000003569,Yes,Current
362413,Green Poison 250mg 2465,Karing Kind,$0.00 ,$29.99 ,ea.,5,Infused Non Edible,250mg sativa,,,A82465,1A43126874A8000002465,Yes,Current
358437,HT x Napalm 0.5g 6774,Karing Kind,$0.00 ,$28.99 ,ea.,0,Infused Non Edible,0.5g co2 hash oil,,,A86774,1A40003126874A8000006774,Yes,Current
360350,Hybrid 250mg 1599,Karing Kind,$0.00 ,$29.99 ,ea.,3,Infused Non Edible,250mg cart,,,A81599,1A40003126874A8000001599,Yes,Current
360354,Hybrid 250mg 2612,Karing Kind,$0.00 ,$29.99 ,ea.,30,Infused Non Edible,250mg cart,,,A82612,1A40003126874A8000002612,Yes,Current
360353,Hybrid 250mg 3198,Karing Kind,$0.00 ,$29.99 ,ea.,14,Infused Non Edible,250mg cart,,,A83198,1A40003126874A8000003198,Yes,Current
363277,Hybrid 250mg Disposable 8723,Karing Kind,$0.00 ,$26.99 ,ea.,71,Infused Non Edible,250mg disposable,,,A88723,1A40003126874A8000008723,Yes,Current
360356,Hybrid 500mg 3354,Karing Kind,$0.00 ,$45.99 ,ea.,36,Infused Non Edible,500mg cart,,,A83354,1A40003126874A8000003354,Yes,Current
342272,Hybrid CBD .5g 5222,Karing Kind,$0.00 ,$0.00 ,g,282.04,Cannabis,0.5g CBD pre rolled joints,,,,1A400031266EEC8000005222,Yes,Current
343388,Hybrid CBD 0.5g 5164,Karing Kind,$0.00 ,$0.00 ,g,...,Cannabis,1:1 CBD Hybrid joint 0.5g,,,,1A400031266EEC8000005164,Yes,Current
358742,Hybrid CBD 1:1 0.5g 7060,Karing Kind,$0.00 ,$28.99 ,ea.,22,Infused Non Edible,0.5g 1:1 CBD,,,A87060,1A40003126874A8000007060,Yes,Current
358741,Hybrid CBD 1:1 1.0g 7076,Karing Kind,$0.00 ,$48.99 ,ea.,0,Infused Non Edible,1.0 1:1 CBD,,,A87076,1A40003126874A8000007076,Yes,Current
363286,Indica 100mg Disposable 6280,Karing Kind,$0.00 ,$14.99 ,ea.,48,Infused Non Edible,100mg disposable,,,A86280,1A40003126874A8000006280,Yes,Current
363285,Indica 100mg Disposable 6370,Karing Kind,$0.00 ,$14.99 ,ea.,48,Infused Non Edible,100mg disposable,,,A86370,1A40003126874A8000006370,Yes,Current
363281,Indica 100mg Disposable 6631,Karing Kind,$0.00 ,$14.99 ,ea.,19,Infused Non Edible,100mg disposable,,,A86631,1A40003126874A8000006631,Yes,Current
360351,Indica 250mg 1597,Karing Kind,$0.00 ,$29.99 ,ea.,3,Infused Non Edible,250mg cart,,,A81597,1A40003126874A8000001597,Yes,Current
363278,Indica 250mg Disposable 8660,Karing Kind,$0.00 ,$26.99 ,ea.,94,Infused Non Edible,250mg dispsoable,,,A88660,1A40003126874A8000008660,Yes,Current
360348,Indica 500mg 2565,Karing Kind,$0.00 ,$45.99 ,ea.,13,Infused Non Edible,500mg cart,,,A82565,1A40003126874A8000002565,Yes,Current
358988,Indica 500mg 3765,Karing Kind,$0.00 ,$45.99 ,ea.,19,Infused Non Edible,500mg cart,,,A83765,1A40003126874A8000003765,Yes,Current
362647,Jack 47 1.0g 8476,Karing Kind,$0.00 ,$48.99 ,ea.,17,Infused Non Edible,1.0g hybrid oil,,,A88476,1A40003126874A8000008476,Yes,Current
363002,Jack 7005,Karing Kind,$0.00 ,$13.99 ,g,284.25,Cannabis,Sativa,,,,1A400031266EEC8000007005,Yes,Current
359786,Jack Herer 6778,Karing Kind,$0.00 ,$13.99 ,g,51.2,Cannabis,Sativa,,,,1A400031266EEC8000006778,Yes,Current
350192,King Kong T 250mg 2832,Karing Kind,$0.00 ,$29.99 ,ea.,42,Infused Non Edible,250mg artisan,,,A82832,1A40003126874A8000002832,Yes,Current
363550,Lavender 7146,Karing Kind,$0.00 ,$12.99 ,g,394.4,Cannabis,Indica,,,,1A400031266EEC8000007146,Yes,Current
361613,Lost Creek 250mg Disposable 8651,Karing Kind,$0.00 ,$26.99 ,ea.,28,Infused Non Edible,250mg indica dispo,,,A88651,1A40003126874A8000008651,Yes,Current
361953,Lost Creek Kush 0.5g 8818,Karing Kind,$0.00 ,$28.99 ,ea.,14,Infused Non Edible,0.5 hybrid,,,A88818,1A40003126874A8000008818,Yes,Current
361961,Lost Creek Kush 1.0g 8817,Karing Kind,$0.00 ,$48.99 ,ea.,15,Infused Non Edible,1.0g hash oil,,,A88817,1A40003126874A8000008817,Yes,Current
356592,Megalodon 0.5g 5391,Karing Kind,$0.00 ,$29.99 ,ea.,1,Infused Non Edible,0.5g hash oil,,,A85391,1A40003126874A8000005391,Yes,Current
352025,Megalodon 250mg 5439,Karing Kind,$0.00 ,$29.99 ,ea.,15,Infused Non Edible,250mg indica cart,,,A85439,1A40003126874A8000005439,Yes,Current
361705,Nina Limone 0.5g 7069,Karing Kind,$0.00 ,$0.00 ,g,3,Cannabis,0.5g pre rolled joint,,,,1A400031266EEC8000007069,Yes,Current
359088,NYC Diesel 0.5g 6744,Karing Kind,$0.00 ,$29.99 ,ea.,1,Infused Non Edible,0.5g sativa oil,,,A86744,1A40003126874A8000006744,Yes,Current
358705,NYC Diesel 100mg 6625,Karing Kind,$0.00 ,$14.99 ,ea.,96,Infused Non Edible,sativa dispo,,,A86625,1A40003126874A8000006625,Yes,Current
358104,NYCD Bosm Full Spectrum 1.0g 0193,Karing Kind,$0.00 ,$24.99 ,g,165,Infused Non Edible,1.0g full spectrum extract,,,C90013,1A40003126875C9000000013,Yes,Current
363337,OG Kush X 0.5g 7168,Karing Kind,$0.00 ,$0.00 ,g,17,Cannabis,0.5g indica joint,,,,1A400031266EEC8000007168,Yes,Current
359787,OG Kush X 6902,Karing Kind,$0.00 ,$12.99 ,g,91.8,Cannabis,Indica,,,,1A400031266EEC8000006902,Yes,Current
363000,OG Kush X 6959,Karing Kind,$0.00 ,$12.99 ,g,246.8,Cannabis,Indica,,,,1A400031266EEC8000006959,Yes,Current
350260,PAX3 Vaporizer,Karing Kind,$0.00 ,$250.00 ,ea.,15,non mj items,PAX3 Flower vaporizer/concentrate,,,PAX3KK,,Yes,Current
360355,Phoenix OG 250mg 2034,Karing Kind,$0.00 ,$29.99 ,ea.,12,Infused Non Edible,250mg cart,,,A82034,1A40003126874A8000002034,Yes,Current
359102,Phoenix Tears 1.0g 7100,Karing Kind,$0.00 ,$48.99 ,ea.,20,Infused Non Edible,1.0g CBD phoenix Tears,,,A87100,1A40003126874A8000007100,Yes,Current
361225,Phoenix Tears 1.0g 8230,Karing Kind,$0.00 ,$48.99 ,ea.,28,Infused Non Edible,1.0 grams phoenix tears,,,A8823,1A40003126874A800008230,Yes,Current
361226,Phoenix Tears 1.0g 8452,Karing Kind,$0.00 ,$48.99 ,ea.,28,Infused Non Edible,1.0g phoenix tears,,,A88452,1A40003126874A800008452,Yes,Current
362996,Power Kush 7091,Karing Kind,$0.00 ,$11.99 ,g,415.35,Cannabis,Indica,,,,1A400031266EEC8000007091,Yes,Current
363552,Power Kush 7148,Karing Kind,$0.00 ,$13.99 ,g,486.4,Cannabis,Indica,,,,1A400031266EEC8000007148,Yes,Current
362652,Power Kush GG 1.0g 8946,Karing Kind,$0.00 ,$48.99 ,ea.,38,Infused Non Edible,1.0g indica oil,,,A88946,1A40003126874A8000008946,Yes,Current
360891,Purple Dogbud 18569,Karing Kind,$3.10 ,$44.99 ,g,...,Cannabis,Hybrid,,,,1A400031266EEF2000018569,Yes,Current
363434,Purple Sky 0.5g 9083,Karing Kind,$0.00 ,$29.99 ,ea.,20,Infused Non Edible,0.5g indica,,,A89083,1A40003126874A8000009083,Yes,Current
359830,Pyro 1.0g 8174,Karing Kind,$0.00 ,$48.99 ,ea.,15,Infused Non Edible,1.0g hybrid,,,A88174,1A40003126874A8000008174,Yes,Current
360352,Sativa 250mg 2608,Karing Kind,$0.00 ,$29.99 ,ea.,15,Infused Non Edible,250mg cart,,,A82608,1A40003126874A8000002608,Yes,Current
363280,Sativa 250mg Disposable 8631,Karing Kind,$0.00 ,$26.99 ,ea.,100,Infused Non Edible,250 mg disposable,,,A88631,1A40003126874A8000008631,Yes,Current
360347,Sativa 500mg 2693,Karing Kind,$0.00 ,$45.99 ,ea.,3,Infused Non Edible,500mg cart,,,A82693,1A40003126874A8000002693,Yes,Current
358987,Sativa 500mg 3764,Karing Kind,$0.00 ,$45.99 ,ea.,2,Infused Non Edible,500mg cart,,,A83764,1A40003126874A8000003764,Yes,Current
362510,Satsuma 0.5g 7102,Karing Kind,$0.00 ,$0.00 ,g,4,Cannabis,0.5g pre roll,,,,1A400031266EEC8000007102,Yes,Current
354490,Satsuma 6101,Karing Kind,$0.00 ,$11.99 ,g,20.3,Cannabis,Sativa,,,,1A400031266EEC8000006101,Yes,Current
363326,Satsuma 7015,Karing Kind,$0.00 ,$12.99 ,g,468.6,Cannabis,Sativa,,,,1A400031266EEC8000007015,Yes,Current
361133,Satsuma 7016,Karing Kind,$0.00 ,$11.99 ,g,497.25,Cannabis,Sativa,,,,1A400031266EEC8000007016,Yes,Current
361626,Scouts Honor 0.5g 8581,Karing Kind,$0.00 ,$28.99 ,ea.,48,Infused Non Edible,0.5g indica,,,A88581,1A40003126874A8000008581,Yes,Current
361224,Scouts Honor 1.0g 8623,Karing Kind,$0.00 ,$48.99 ,ea.,18,Infused Non Edible,1.0g hash oil,,,A88623,1A40003126874A8000008623,Yes,Current
358679,Serious AK 6574,Karing Kind,$0.00 ,$12.99 ,g,81.8,Cannabis,Sativa,,,,1A400031266EEC8000006574,Yes,Current
350287,Slim Stylus Batt,Karing Kind,$0.00 ,$10.00 ,ea.,9,non mj items,slim stylus button battery,,,Slim420,,Yes,Current
358709,Slumber OG 250mg 6807,Karing Kind,$0.00 ,$27.99 ,ea.,26,Infused Non Edible,250mg indica disposable,,,A86807,1A40003126874A8000006807,Yes,Current
350204,Snozzberry T 250mg 2845,Karing Kind,$0.00 ,$29.99 ,ea.,13,Infused Non Edible,250mg artisan,,,A82845,1A40003126874A8000002845,Yes,Current
350203,Snozzberry T 500mg 2844,Karing Kind,$0.00 ,$45.99 ,ea.,7,Infused Non Edible,500mg artisan,,,A82844,1A40003126874A8000002844,Yes,Current
350191,Snozzberry T 500mg 2854,Karing Kind,$0.00 ,$55.99 ,ea.,40,Infused Non Edible,500mg artesan,,,A82854,1A40003126874A8000002854,Yes,Current
363001,Sour Band 6900,Karing Kind,$0.00 ,$13.99 ,g,392.6,Cannabis,Sativa,,,,1A400031266EEC8000006900,Yes,Current
363328,Sour Band 7149,Karing Kind,$0.00 ,$13.99 ,g,407.2,Cannabis,Sativa,,,,1A400031266EEC8000007149,Yes,Current
337620,Sour Kush pre roll 4533,Karing Kind,$0.00 ,$0.00 ,g,4,Infused Edible,0.5g pre rolled indica joint,,,,1A400031266EEC8000004533,Yes,Current
362713,Stink Bomb 0.5g 8976,Karing Kind,$0.00 ,$28.99 ,ea.,6,Infused Non Edible,0.5g indica oil,,,A88976,1A40003126874A8000008976,Yes,Current
362664,Stink Bomb 1.0g 8970,Karing Kind,$0.00 ,$48.99 ,ea.,3,Infused Non Edible,1.0g indica,,,A88970,1A40003126874A8000008970,Yes,Current
362644,Sugar Cookies 0.5g 8650,Karing Kind,$0.00 ,$28.99 ,ea.,31,Infused Non Edible,0.5g indica oil,,,A88650,1A40003126874A8000008650,Yes,Current
361618,Sugar Cookies 1.0g 8558,Karing Kind,$0.00 ,$48.99 ,ea.,25,Infused Non Edible,1.0g indica,,,A88558,1A40003126874A8000008558,Yes,Current
359813,Sweet Baby Kush 0.5g 8154,Karing Kind,$0.00 ,$28.99 ,ea.,32,Infused Non Edible,0.5g indica oil,,,A88154,1A40003126874A8000008154,Yes,Current
359831,Sweet Baby Kush 1.0g 8129,Karing Kind,$0.00 ,$48.99 ,ea.,4,Infused Non Edible,1.0g indica,,,A88129,1A40003126874A8000008129,Yes,Current
360555,Sweet Baby Kush 1.0g 8313,Karing Kind,$0.00 ,$48.99 ,ea.,20,Infused Non Edible,1.0g indica oil,,,A88313,1A40003126874A8000008313,Yes,Current
362420,Sweet Sweet 250mg 8894,Karing Kind,$0.00 ,$29.99 ,ea.,48,Infused Non Edible,250mg cart,,,A88894,1A43126874A8000008894,Yes,Current
349011,Terp Dip 4329,Karing Kind,$0.00 ,$0.01 ,g,2,Infused Non Edible,1.0g,,,A4329,1A40003126874A8000004329,Yes,Current
362403,Terp Juice Hybrid 0.5 8887,Karing Kind,$0.00 ,$29.99 ,g,19.5,Infused Non Edible,0.5g hybrid,,,A88887,1A40003126874A8000008887,Yes,Current
362409,Terp Juice Hybrid 1.0g 8888,Karing Kind,$0.00 ,$49.99 ,g,43,Infused Non Edible,1.0g hybrid,,,A88888,1A40003126874A8000008888,Yes,Current
362408,Terp Juice Indica 0.5g 8885,Karing Kind,$0.00 ,$29.99 ,g,18.5,Infused Non Edible,0.5g dab jar,,,A88885,1A40003126874A8000008885,Yes,Current
362381,Terp Juice Indica 1.0g 8886,Karing Kind,$0.00 ,$49.99 ,g,4,Infused Non Edible,1.0g indica,,,A88886,1A40003126874A8000008886,Yes,Current
362383,Terp Juice Sativa 0.5g 8880,Karing Kind,$0.00 ,$29.99 ,g,21.5,Infused Non Edible,0.5g sativa,,,A88880,1A40003126874A8000008880,Yes,Current
362385,Terp Juice Sativa 1.0g 8884,Karing Kind,$0.00 ,$49.99 ,g,43,Infused Non Edible,1.0g sativa,,,A88884,1A40003126874A8000008884,Yes,Current
362038,Titanos Revenge 0.5g 7068,Karing Kind,$0.00 ,$0.00 ,g,...,Cannabis,0.5g joints,,,,1A400031266EEC8000007068,Yes,Current
359047,Titanos Revenge 6780,Karing Kind,$0.00 ,$11.99 ,g,74.6,Cannabis,Sativa,,,,1A400031266EEC8000006780,Yes,Current
350289,Touch tech battery,Karing Kind,$0.00 ,$18.00 ,ea.,8,non mj items,touch batter,,,touch,,Yes,Current
360826,Tri-Force 1.0g 7052,Karing Kind,$0.00 ,$49.99 ,ea.,1,Infused Non Edible,1.0g indica,,,A87052,1A40003126874A8000007052,Yes,Current
356046,UPS 6422,Karing Kind,$0.00 ,$12.99 ,g,272.2,Cannabis,Hybrid,,,,1A400031266EEC8000006422,Yes,Current
340078,Warlord 250mg 2945,Karing Kind,$0.00 ,$29.99 ,ea.,17,Infused Non Edible,250mg co2 cartridge,,,A82945,1A40003126874A8000002945,Yes,Current
362421,White Widow 250mg 8895,Karing Kind,$0.00 ,$29.99 ,ea.,38,Infused Non Edible,250mg sativa cart,,,A88895,1A43126874A8000008895,Yes,Current
362622,WWX 0.5g 7142,Karing Kind,$0.00 ,$0.00 ,g,43,Cannabis,0.5g pre roll,,,,1A400031266EEC8000007142,Yes,Current
359506,Yocan Vaporizer,Karing Kind,$0.00 ,$39.99 ,ea.,25,non mj items,concentrate vaporizer,,,Yocan,,Yes,Current
352657,Zen Garden 100mg 19229,Karing Kind,$9.50 ,$19.99 ,ea.,...,Infused Edible,100mg chocolate bar,,,'9919229,1A4000312687499000019229,Yes,Current
362821,Bath Soak 100mg 75200,Left Bank LLC,$10.00 ,$19.99 ,ea.,21,Infused Non Edible,100mg bath soak,,,8A75200,1A400031268748A000075200,Yes,Current
362618,Blueberries 100mg Sample 74804,Left Bank LLC,$0.10 ,$0.10 ,ea.,1,Infused Edible,100mg samples,,,,1A400031268748A000074804,Yes,Current
362621,Lemon Cherry Chews 100mg 74807,Left Bank LLC,$0.10 ,$0.10 ,ea.,1,Infused Edible,100mg sample,,,,1A400031268748A000074807,Yes,Current
362619,Peach Gummie Sample 100mg 74805,Left Bank LLC,$0.10 ,$0.10 ,ea.,1,Infused Edible,100mg sample,,,,1A400031268748A000074806,Yes,Current
362617,Stawberries 100mg Sample 74803,Left Bank LLC,$0.10 ,$0.10 ,ea.,1,Infused Edible,100mg sample,,,,1A400031268748A000074803,Yes,Current
362620,Strawberry Chew 100mg Sample 74806,Left Bank LLC,$0.10 ,$0.10 ,ea.,1,Infused Edible,100mg sample,,,,1A400031268748A000074806,Yes,Current
353521,Maria Cruz Shatter 1.0g 2523,Lost Creek Ventures,$13.00 ,$31.99 ,g,4,Infused Non Edible,1.0g shatter,,,'452523,1A4000312687545000002523,Yes,Current
352901,Altus CBD 100mg 6232,Lucky Sweets llc,$15.00 ,$29.99 ,ea.,2,Infused Edible,20:1 CBD pill,,,'936232,1A4000312687493000006232,Yes,Current
359580,Altus Sativa 100mg 8207,Lucky Sweets llc,$8.00 ,$15.99 ,ea.,5,Infused Edible,5mg pills 100mg total,,,'938207,1A4000312687493000008207,Yes,Current
355879,Fruit Punch 100mg 6637,Lucky Sweets llc,$8.00 ,$16.99 ,ea.,17,Infused Edible,100mg mints,,,'936637,1A4000312687493000006637,Yes,Current
355880,Key Lime 100mg 6638,Lucky Sweets llc,$8.00 ,$16.99 ,ea.,12,Infused Edible,100mg mints,,,'936638,1A4000312687493000006638,Yes,Current
341819,Lime 100mg 3322,Lucky Sweets llc,$10.00 ,$19.99 ,ea.,9,Infused Edible,100mg lime mint,,,'933322,1A4000312687493000003322,Yes,Current
360102,Boysenberry 10mg 52211,Mile High Distribution,$2.25 ,$4.99 ,ea.,7,Infused Edible,100mg candy,,,AA52211,1A40003126874AA000052211,Yes,Current
360095,Caramel Apple CBD 52208,Mile High Distribution,$5.00 ,$9.99 ,ea.,8,Infused Edible,1:1 CBD sucker,,,AA52208,1A40003126874AA000052208,Yes,Current
360091,Citrus Medley 100mg 52205,Mile High Distribution,$9.75 ,$19.99 ,ea.,21,Infused Edible,100mg candy,,,AA52205,1A40003126874AA000052205,Yes,Current
360093,Sour Apple 100mg 52206,Mile High Distribution,$9.75 ,$19.99 ,ea.,12,Infused Edible,100mg candy,,,AA52206,1A40003126874AA000052206,Yes,Current
360104,Sour Grape 10mg 52212,Mile High Distribution,$2.25 ,$4.99 ,ea.,12,Infused Edible,10mg sucker,,,AA52212,1A40003126874AA000052212,Yes,Current
360094,Sour Lemon 100mg 52207,Mile High Distribution,$9.75 ,$19.99 ,ea.,6,Infused Edible,100mg candy,,,AA52207,1A40003126874AA000052207,Yes,Current
264026,Discount,N/A - System,$0.00 ,$1.00 ,,3,Internal Use,Discount,,n/a,,,No,Current
362293,Bruce Banner Shatter 1.0g 8048,Oak Creek Enterprises,$10.00 ,$24.99 ,g,7,Infused Non Edible,1.0g shatter,,,E88048,1A40003126874E8000008048,Yes,Current
362295,Hybrid Wax 1.0g 8047,Oak Creek Enterprises,$10.00 ,$24.99 ,g,1,Infused Non Edible,1.0g wax,,,E88047,1A40003126874E8000008047,Yes,Current
362301,Kayak Hybrid Wax 1.0g 8045,Oak Creek Enterprises,$10.00 ,$24.99 ,g,27,Infused Non Edible,1.0g wax,,,E88045,1A40003126874E8000008045,Yes,Current
363614,Kayak Indica Shatter 1.0g 8398,Oak Creek Enterprises,$10.00 ,$24.99 ,g,20,Infused Non Edible,1.0g shatter,,,E88398,1A40003126874E8000008398,Yes,Current
363615,Kayak Indica Shatter 1.0g 8399,Oak Creek Enterprises,$10.00 ,$24.99 ,g,20,Infused Non Edible,1.0g shatter,,,E88399,1A40003126874E8000008399,Yes,Current
363592,Kayak Indica Shatter 1.0g 8400,Oak Creek Enterprises,$10.00 ,$24.99 ,g,20,Infused Non Edible,1.0g shatter,,,E8400,1A40003126874E8000008400,Yes,Current
363594,Kayak Indica Shatter 1.0g 8401,Oak Creek Enterprises,$10.00 ,$24.99 ,g,20,Infused Non Edible,1.0g shatter,,,E88401,1A40003126874E8000008401,Yes,Current
363596,Kayak Indica Shatter 1.0g 8402,Oak Creek Enterprises,$10.00 ,$24.99 ,g,20,Infused Non Edible,1.0g shatter,,,E88402,1A40003126874E8000008402,Yes,Current
363597,Kayak Indica Shatter 1.0g 8403,Oak Creek Enterprises,$10.00 ,$24.99 ,g,20,Infused Non Edible,1.0g shatter,,,E88403,1A40003126874E8000008403,Yes,Current
363598,Kayak Indica Shatter 1.0g 8404,Oak Creek Enterprises,$10.00 ,$24.99 ,g,20,Infused Non Edible,1.0g shatter,,,E88404,1A40003126874E8000008404,Yes,Current
362318,Kayak Indica Wax 1.0g 8040,Oak Creek Enterprises,$10.00 ,$24.99 ,g,11,Infused Non Edible,1.0g wax,,,E88040,1A40003126874E8000008040,Yes,Current
362316,Kayak Indica Wax 1.0g 8041,Oak Creek Enterprises,$10.00 ,$24.99 ,g,13,Infused Non Edible,1.0g wax,,,E88041,1A40003126874E8000008041,Yes,Current
362315,Kayak Indica Wax 1.0g 8042,Oak Creek Enterprises,$10.00 ,$24.99 ,g,1,Infused Non Edible,1.0g wax,,,E88042,1A40003126874E8000008042,Yes,Current
363606,Kayak Indica Wax 1.0g 8410,Oak Creek Enterprises,$10.00 ,$24.99 ,g,20,Infused Non Edible,1.0g shatter,,,E88410,1A40003126874E8000008410,Yes,Current
363607,Kayak Indica Wax 1.0g 8411,Oak Creek Enterprises,$10.00 ,$24.99 ,g,20,Infused Non Edible,1.0g wax,,,E88411,1A40003126874E8000008411,Yes,Current
363608,Kayak Indica Wax 1.0g 8412,Oak Creek Enterprises,$10.00 ,$24.99 ,g,10,Infused Non Edible,1.0g wax,,,E88412,1A40003126874E8000008412,Yes,Current
362323,Kayak Sativa Shatter 1.0g 8035,Oak Creek Enterprises,$10.00 ,$24.99 ,g,1,Infused Non Edible,1.0g shatter,,,E88035,1A40003126874E8000008035,Yes,Current
362322,Kayak Sativa Shatter 1.0g 8036,Oak Creek Enterprises,$10.00 ,$24.99 ,g,9,Infused Non Edible,1.0g shatter,,,E88036,1A40003126874E8000008036,Yes,Current
363599,Kayak Sativa Shatter 1.0g 8405,Oak Creek Enterprises,$10.00 ,$24.99 ,g,30,Infused Non Edible,1.0g shatter,,,E88405,1A40003126874E8000008405,Yes,Current
363600,Kayak Sativa Shatter 1.0g 8406,Oak Creek Enterprises,$10.00 ,$24.99 ,g,30,Infused Non Edible,1.0g shatter,,,E88406,1A40003126874E8000008406,Yes,Current
363602,Kayak Sativa Shatter 1.0g 8408,Oak Creek Enterprises,$10.00 ,$24.99 ,g,30,Infused Non Edible,1.0g shatter,,,E88408,1A40003126874E8000008408,Yes,Current
363605,Kayak Sativa Shatter 1.0g 8409,Oak Creek Enterprises,$10.00 ,$24.99 ,g,30,Infused Non Edible,1.0g shatter,,,E88409,1A40003126874E8000008409,Yes,Current
363613,Kayak Sativa Shatter 1.0g 8416,Oak Creek Enterprises,$10.00 ,$24.99 ,g,40,Infused Non Edible,1.0g shatter,,,E88416,1A40003126874E8000008416,Yes,Current
362321,Kayak Sativa Wax 1.0g 8037,Oak Creek Enterprises,$10.00 ,$24.99 ,g,18,Infused Non Edible,1.0g wax,,,E88037,1A40003126874E8000008037,Yes,Current
363609,Kayak Sativa Wax 1.0g 8413,Oak Creek Enterprises,$10.00 ,$24.99 ,g,20,Infused Non Edible,1.0g wax,,,E88413,1A40003126874E8000008413,Yes,Current
363611,Kayak Sativa Wax 1.0g 8414,Oak Creek Enterprises,$10.00 ,$24.99 ,g,20,Infused Non Edible,1.0g wax,,,E88414,1A40003126874E8000008414,Yes,Current
363612,Kayak Sativa Wax 1.0g 8415,Oak Creek Enterprises,$10.00 ,$24.99 ,g,10,Infused Non Edible,1.0g wax,,,E88415,1A40003126874E8000008415,Yes,Current
341129,PAX 3,PAX,$175.00 ,$249.99 ,ea.,8,Papers/Pipes,Pax 3,,,PX0420,,Yes,Current
361216,Blue Rasberry Indica 100mg 12578,Platinum Foods LLC,$10.00 ,$19.99 ,ea.,4,Infused Edible,100mg gummie indica,,,'4712578,1A4000312687547000012578,Yes,Current
362133,Blue Rasberry Indica 100mg 13458,Platinum Foods LLC,$10.00 ,$19.99 ,ea.,12,Infused Edible,100mg gummies,,,'4713458,1A4000312687547000013458,Yes,Current
362138,Blue Rasberry Sativa 100mg 13462,Platinum Foods LLC,$10.00 ,$19.99 ,ea.,1,Infused Edible,100mg sativa gummie,,,'4713462,1A4000312687547000013462,Yes,Current
362800,Blue Rasberry Sativa 100mg 13983,Platinum Foods LLC,$10.00 ,$19.99 ,ea.,12,Infused Edible,100mg gummie,,,'4713983,1A4000312687547000013983,Yes,Current
352528,Karing,Platinum Foods LLC,$0.00 ,$49.99 ,ea.,...,Infused Non Edible,1.0g Pheonix Tears,,,A85456,1A40003126874A8000005456,Yes,Current
362135,Kiwi Strawberry Indica 100mg 13459,Platinum Foods LLC,$10.00 ,$19.99 ,ea.,5,Infused Edible,100mg indica gummie,,,'4713459,1A4000312687547000013459,Yes,Current
362139,Kiwi Strawberry Sativa 100mg 13463,Platinum Foods LLC,$10.00 ,$19.99 ,ea.,4,Infused Edible,100mg sativa gummie,,,'4713463,1A4000312687547000013463,Yes,Current
362137,Tropical Punch Indica 100mg 13461,Platinum Foods LLC,$10.00 ,$19.99 ,ea.,8,Infused Edible,100mg gummie,,,'4713461,1A4000312687547000013461,Yes,Current
362141,Tropical Punch Sativa 100mg 13465,Platinum Foods LLC,$10.00 ,$19.99 ,ea.,9,Infused Edible,100mg gummie,,,'4713465,1A4000312687547000013465,Yes,Current
362140,Watermelon Blast 100mg 13464,Platinum Foods LLC,$10.00 ,$19.99 ,ea.,1,Infused Edible,100mg gummies,,,'4713464,1A4000312687547000013464,Yes,Current
362799,Watermelon Blast Indica 100mg 13982,Platinum Foods LLC,$10.00 ,$19.99 ,ea.,12,Infused Edible,100mg gummie,,,'4713982,1A4000312687547000013982,Yes,Current
362801,Watermelon Blast Sativa 100mg 13984,Platinum Foods LLC,$10.00 ,$19.99 ,ea.,8,Infused Edible,100mg gummie,,,'4713984,1A4000312687547000013984,Yes,Current
360465,Bio Chem 1.0g 5986,Silver Peak,$18.00 ,$39.99 ,g,14,Infused Non Edible,bubble hash,,,'345986,1A4000312687534000005986,Yes,Current
360467,Chem Dawg 4 1.0g 5994,Silver Peak,$18.00 ,$39.99 ,g,20,Infused Non Edible,bubble hash,,,'345994,1A4000312687534000005994,Yes,Current
360464,Gorilla Glue 4 1.0g 5981,Silver Peak,$18.00 ,$39.99 ,g,14,Infused Non Edible,1.0g bubble hash,,,'345981,1A4000312687534000005981,Yes,Current
360466,Gorilla Glue 4 1.0g 5982,Silver Peak,$18.00 ,$39.99 ,g,18,Infused Non Edible,1.0g bubble hash,,,'345982,1A4000312687534000005982,Yes,Current
360463,Purple Dogbud 1.0g 6001,Silver Peak,$18.00 ,$39.99 ,g,0,Infused Non Edible,bubble hash,,,'346001,1A4000312687534000006001,Yes,Current
360461,Purple Dogbud 1.0g 6002,Silver Peak,$18.00 ,$39.99 ,g,12,Infused Non Edible,bubble hash,,,'346002,1A4000312687534000006002,Yes,Current
362196,CBD 15:1 Stratos 23536,Stratos,$30.00 ,$59.99 ,ea.,1,Infused Edible,CBD pill,,,F223536,1A40003126874F2000023536,Yes,Current
363568,CBD 1:1 24478,Stratos,$20.00 ,$39.99 ,ea.,10,Infused Edible,cbd pill,,,F224478,1A40003126874F2000024478,Yes,Current
363569,Energy 100mg 24479,Stratos,$10.00 ,$19.99 ,ea.,40,Infused Edible,100mg pill,,,F224479,1A40003126874F2000024479,Yes,Current
362197,Energy 100mg Stratos 23537,Stratos,$10.00 ,$19.99 ,ea.,1,Infused Edible,100mg pill,,,F223537,1A40003126874F2000023537,Yes,Current
363570,Relax 100mg 24480,Stratos,$10.00 ,$19.99 ,ea.,30,Infused Edible,100mg pill,,,F224480,1A40003126874F2000024480,Yes,Current
363567,Sleep 100mg 24481,Stratos,$10.00 ,$19.99 ,ea.,30,Infused Edible,100mg pill,,,F224481,1A40003126874F2000024481,Yes,Current
362199,Sleep 100mg Stratos 23538,Stratos,$10.00 ,$19.99 ,ea.,14,Infused Edible,100mg indica pill,,,F223538,1A40003126874F2000023538,Yes,Current
361450,Stratos 1:1 CBD 22982,Stratos,$20.00 ,$39.99 ,ea.,3,Infused Edible,1:1 Cbd pill,,,F222982,1A40003126874F2000022982,Yes,Current
361456,Stratos Relax 100mg 22983,Stratos,$10.00 ,$19.99 ,ea.,13,Infused Edible,100mg edibles,,,F222983,1A40003126874F2000022983,Yes,Current
360414,Chocolate Chip 100mg 26433,Sweet Grass,$10.00 ,$19.99 ,ea.,4,Infused Edible,100mg cookie,,,B126433,1A40003126874B1000026433,Yes,Current
362719,Chocolate Chip 100mg 27949,Sweet Grass,$10.00 ,$19.99 ,ea.,12,Infused Edible,100mg cookies,,,B127949,1A40003126874B1000027949,Yes,Current
346723,Peanut Butter 100mg 17119,Sweet Grass,$10.00 ,$19.99 ,ea.,3,Infused Edible,100mg cookies,,,B117119,1A40003126874B1000017119,Yes,Current
349128,Peanut Butter 100mg 19200,Sweet Grass,$10.00 ,$19.99 ,ea.,1,Infused Edible,100mg cookie,,,B119200,1A40003126874B1000019200,Yes,Current
360415,Peanut Butter 100mg 26434,Sweet Grass,$10.00 ,$19.99 ,ea.,2,Infused Edible,100mg cookie,,,B126434,1A40003126874B1000026434,Yes,Current
333289,Snicker doodle 10841,Sweet Grass,$10.00 ,$19.99 ,ea.,...,Infused Edible,100mg,,,SD10841,1A40003126874B1000010841,Yes,Current
362720,Snickerdoodle 100mg 27950,Sweet Grass,$10.00 ,$19.99 ,ea.,8,Infused Edible,100mg cookie,,,B127950,1A40003126874B1000027950,Yes,Current
360417,Truffle Brownies 30mg 26432,Sweet Grass,$5.75 ,$11.50 ,ea.,2,Infused Edible,brownies,,,B126432,1A40003126874B1000026432,Yes,Current
343601,WC Pecan 100mg 15711,Sweet Grass,$10.00 ,$19.99 ,ea.,1,Infused Edible,100mg white choc pecan cookie,,,B115711,1A40003126874B1000015711,Yes,Current
360410,White Chocolate Pecan 100mg 26436,Sweet Grass,$10.00 ,$19.99 ,ea.,11,Infused Edible,100mg cookie,,,B126436,1A40003126874B1000026436,Yes,Current
355551,Buzz Honey 10mg 5817,Terrapin Separations,$2.50 ,$9.99 ,ea.,17,Infused Edible,10mg THC 10mg CBD infused honey,,,A05817,1A400031268754A000005817,Yes,Current
348254,Hazelnut Spread 10mg 4110,Terrapin Separations,$5.00 ,$9.99 ,ea.,8,Infused Edible,10mg hazelnut spread,,,A04110,1A400031268754A000004110,Yes,Current
363210,Bath Bomb 45mg Sample 27004,The Grow Foundry,$0.01 ,$0.01 ,ea.,1,Infused Non Edible,bath bomb samples,,,'0627004,1A4000312687506000027004,Yes,Current
363207,Coffee and doughnuts 100mg27001,The Grow Foundry,$9.00 ,$18.99 ,ea.,36,Infused Edible,100mg chocolate,,,'0627001,1A4000312687506000027001,Yes,Current
363218,Cream and Crumble 100mg 27000,The Grow Foundry,$9.00 ,$18.99 ,ea.,54,Infused Edible,100mg chocolate,,,'0627000,1A4000312687506000027000,Yes,Current
360990,Hot Chocolate 10mg 23851,The Grow Foundry,$3.00 ,$5.99 ,ea.,13,Infused Edible,10mg hot choc,,,'0623851,1A4000312687506000023851,Yes,Current
363208,Maple and Pecan 100mg 27002,The Grow Foundry,$9.00 ,$18.99 ,ea.,23,Infused Edible,100mg chocolate,,,'0627002,1A4000312687506000027002,Yes,Current
363209,Salt and Nibs 100mg 27003,The Grow Foundry,$9.00 ,$18.99 ,ea.,23,Infused Edible,100mg chocolates,,,'0627003,1A4000312687506000027003,Yes,Current
363105,Brownie Samples CBD 17177,The Growing Kitchen,$0.01 ,$0.01 ,ea.,4,Infused Edible,samples,,,,1A40003126874A5000017177,Yes,Current
359694,CBD Chill Pills 100mg 16354,The Growing Kitchen,$7.50 ,$14.99 ,ea.,2,Infused Edible,2:1 CBD candy,,,A516354,1A40003126874A5000016354,Yes,Current
363104,CBD Chill Pills 100mg 17176,The Growing Kitchen,$7.50 ,$14.99 ,ea.,90,Infused Edible,100mg Chill pills 50mg cbd,,,A517176,1A40003126874A5000017176,Yes,Current
342154,Chill Pills 100mg 1329,The Growing Kitchen,$0.00 ,$15.99 ,ea.,...,Infused Edible,100mg chill pill,,,F01329,1A40003126567F000001329,Yes,Current
363102,Indica Chill Pills 100mg 17174,The Growing Kitchen,$7.50 ,$14.99 ,ea.,45,Infused Edible,100mg indica,,,A517174,1A40003126874A5000017174,Yes,Current
360854,Sativa Chill Pills 100mg 16066,The Growing Kitchen,$7.50 ,$14.99 ,ea.,24,Infused Edible,100mg sativa,,,A516066,1A40003126874A5000016066,Yes,Current
363103,Sativa Chill Pills 100mg 17175,The Growing Kitchen,$7.50 ,$14.99 ,ea.,25,Infused Edible,100mg sativa,,,A517175,1A40003126874A5000017175,Yes,Current
357093,CBD Patch 40mg 9569,The Laughing Dog Group,$12.00 ,$23.99 ,ea.,10,Infused Edible,40mg cbd patch,,,4F9569,1A400031268754F000009569,Yes,Current
357095,CBD Patch 40mg 9571,The Laughing Dog Group,$12.00 ,$23.99 ,ea.,4,Infused Edible,40mg cbd patch,,,4F9571,1A400031268754F000009571,Yes,Current
354652,Hybrid Patch 30mg 8649,The Laughing Dog Group,$7.50 ,$14.99 ,ea.,6,Infused Edible,30mg hybrid patch,,,F08649,1A400031268754F000008649,Yes,Current
359695,Pura Patch Indica 30mg 6169,The Laughing Dog Group,$7.50 ,$14.99 ,ea.,24,Infused Edible,30mg indica patch,,,4F6169,1A400031268754F000006169,Yes,Current
357091,THC CBD Patch 20mg 9567,The Laughing Dog Group,$10.00 ,$19.99 ,ea.,7,Infused Edible,20mg thc 20mg cbd patch,,,4F9567,1A400031268754F000009567,Yes,Current
360988,Essential Oil samples 19020,"TR Scientific, LLC",$0.01 ,$0.01 ,ea.,2,Infused Non Edible,sample,,,,1A400031268748F000019020,Yes,Current
360680,Foria Pleasure Singles 18912,"TR Scientific, LLC",$3.00 ,$5.99 ,ea.,19,Infused Non Edible,single foria,,,8F18912,1A400031268748F000018912,Yes,Current
358811,AM Health Cap 80mg 1813,Urban Cannabis LLC,$9.00 ,$18.99 ,ea.,20,Infused Edible,80mg health cap,,,C51813,1A40003126874C5000001813,Yes,Current
361462,Dark Chocolate 100mg 2084,Urban Cannabis LLC,$9.50 ,$18.99 ,ea.,23,Infused Edible,100mg chocolate,,,C52084,1A40003126874C5000002084,Yes,Current
361463,Dark Coconut 100mg 2085,Urban Cannabis LLC,$9.50 ,$18.99 ,ea.,20,Infused Edible,100mg chocolate,,,C52085,1A40003126874C5000002085,Yes,Current
354905,Health Caps CBD 5:1 1256,Urban Cannabis LLC,$26.00 ,$51.99 ,ea.,4,Infused Non Edible,5:1 Cbd pill,,,C51256,1A40003126874C5000001256,Yes,Current
363012,Hybrid 1.0g Caviar Cone 2212,Urban Cannabis LLC,$10.00 ,$19.99 ,ea.,12,Cannabis,1.0g hybrid,,,C52212,1A40003126874C5000002212,Yes,Current
363010,Indica 1.0g Caviar Cone 2211,Urban Cannabis LLC,$10.00 ,$19.99 ,ea.,16,Cannabis,1.0g indica,,,C52211,1A40003126874C5000002211,Yes,Current
361465,Indica Kief Coin 1.0g 2087,Urban Cannabis LLC,$10.00 ,$19.99 ,ea.,6,Infused Non Edible,1.0g kief,,,C52087,1A40003126874C5000002087,Yes,Current
356963,Kief Coin Indica 1.0g 1551,Urban Cannabis LLC,$8.00 ,$19.99 ,g,1,Infused Non Edible,1.0g kief,,,C51551,1A40003126874C5000001551,Yes,Current
358810,PM Health Cap 80mg 1812,Urban Cannabis LLC,$9.00 ,$18.99 ,ea.,9,Infused Edible,80mg health cap,,,C51812,1A40003126874C5000001812,Yes,Current
363015,Sativa 1.0g Caviar Cone 2213,Urban Cannabis LLC,$10.00 ,$19.99 ,ea.,30,Cannabis,1.0g sativa,,,C52213,1A40003126874C5000002213,Yes,Current
361461,Sativa Caviar Cones 1.0g 2083,Urban Cannabis LLC,$10.00 ,$19.99 ,ea.,1,Infused Non Edible,caviar cones,,,C52083,1A40003126874C5000002083,Yes,Current
356598,Wana CBD Gummie 50mg 40734,Wana,$10.00 ,$19.99 ,ea.,11,Infused Edible,50CBD 5mg THC,,,E340734,1A40003126874E3000040734,Yes,Current
363521,WANA CBD Strawberry 5mg 52261,Wana,$0.00 ,$19.99 ,ea.,11,Infused Edible,1:1 cbd gummie,,,E352261,1A40003126874E3000052261,Yes,Current
359597,Wana Gameday 100mg 44728,Wana,$10.00 ,$19.99 ,ea.,22,Infused Edible,100mg gummies,,,E344728,1A40003126874E3000044728,Yes,Current
363076,Wana Hybrid 100mg 49016,Wana,$10.00 ,$19.99 ,ea.,25,Infused Edible,100mg gummie,,,E349016,1A40003126874E3000049016,Yes,Current
362281,Wana Hybrid 100mg 50561,Wana,$10.00 ,$19.99 ,ea.,0,Infused Edible,100mg hybrid gummie,,,E350561,1A40003126874E3000050561,Yes,Current
363083,Wana Indica 100mg 49017,Wana,$10.50 ,$20.99 ,ea.,23,Infused Edible,100mg gummie,,,E349017,1A40003126874E3000049017,Yes,Current
363085,Wana Sativa 100mg 49018,Wana,$10.50 ,$20.99 ,ea.,26,Infused Edible,100mg gummie,,,E349018,1A40003126874E3000049018,Yes,Current
361045,Wana Watermelon 100mg 43485,Wana,$10.00 ,$19.99 ,ea.,7,Infused Edible,sample,,,E343485,1A40003126874E3000043485,Yes,Current
361801,Chem Berry 1393,Wills Consulting,$3.55 ,$39.99 ,g,0.4,Cannabis,Hybrid,,,,1A400031266EFAF000001393,Yes,Current
363532,Chem Cherry 1434,Wills Consulting,$3.55 ,$14.99 ,g,514.75,Cannabis,Sativa,,,,1A400031266EFAF000001434,Yes,Current
356779,Chem Dank 1295,Wills Consulting,$2.88 ,$44.99 ,g,0,Cannabis,Indica,,,,1A400031266EFAF000001295,Yes,Current
359366,Chem Dank 1352,Wills Consulting,$3.10 ,$14.99 ,g,0,Cannabis,Indica,,,,1A400031266EFAF000001352,Yes,Current
361399,Chem Dank 1353,Wills Consulting,$3.10 ,$14.99 ,g,426.8,Cannabis,Indica,,,,1A400031266EFAF000001353,Yes,Current
357908,Chem Dank 1354,Wills Consulting,$2.88 ,$14.99 ,g,-1.1,Cannabis,Indica,,,,1A400031266EFAF000001354,Yes,Current
362239,Chem Dank 1394,Wills Consulting,$3.55 ,$14.00 ,g,358.5,Cannabis,Indica,,,,1A400031266EFAF000001394,Yes,Current
362994,Chem Dank 1395,Wills Consulting,$3.10 ,$14.99 ,g,0,Cannabis,Indica,,,,1A400031266EFAF000001395,Yes,Current
357909,Durban Poison 1293,Wills Consulting,$2.88 ,$13.99 ,g,3.65,Cannabis,Sativa,,,,1A400031266EFAF000001293,Yes,Current
363325,FLO 1398,Wills Consulting,$3.55 ,$13.99 ,g,406.5,Cannabis,Hybrid,,,,1A400031266EFAF000001398,Yes,Current
361987,Hemlock 1396,Wills Consulting,$3.55 ,$14.99 ,g,387.2,Cannabis,Hybrid,,,,1A400031266EFAF000001396,Yes,Current
358028,500mg 4123,WPJJ LLC,$0.01 ,$0.01 ,ea.,...,Infused Non Edible,500mg pre filled cart - sample,,,,1A400031268754E000004123,Yes,Current
356518,CBD Ripple 7173,Lifestyle Foods Inc,$12.00 ,$23.99 ,ea.,9,Infused Edible,50mg thc 50mg cbd,,,'317173,1A4000312687531000007173,Yes,Current
362344,Ripple THC 100mg 10081,Lifestyle Foods Inc,$12.00 ,$23.99 ,ea.,20,Infused Edible,water soluble thc packets,,,'3110081,1A4000312687531000010081,Yes,Current
355526,Whitewater Black 100mg 6744,Lifestyle Foods Inc,$13.00 ,$25.99 ,ea.,10,Infused Edible,100mg hot tea,,,'316744,1A4000312687531000006744,Yes,Current
355527,Whitewater Green 100mg 6745,Lifestyle Foods Inc,$13.00 ,$25.99 ,ea.,2,Infused Edible,100mg hot tea,,,'316745,1A4000312687531000006745,Yes,Current
355531,Whitewater Mint 100mg 6746,Lifestyle Foods Inc,$13.00 ,$25.99 ,ea.,6,Infused Edible,100mg hot tea,,,'316746,1A4000312687531000006746,Yes,Current